{
 "rxn05319": -19.21375444,
 "rxn05209": -10,71777333,
 "rxn01106": -7.8425, 
 "rxn05467": -4,4164,
 "rxn05938": -4.2591,
 "rxn07191": -4.0797,
 "rxn00251": -1.1556,
 "rxn00777": -0.8172,
 "rxn10126": 0,
 "rxn00288": 0,
 "rxn08527": 0.55555,
 "rxn09272": 1.07203, 
 "rxn05313": 3.57259, 
 "rxn00558": 5.14800,
 "rxn00459": 7.84256,
 "rxn05468": 9.83170,
 "rxn10122": 18.5913,
 "rxn08173": 30.3765
}
