{"rxn05319_c0": -19.213,
 "rxn05209_c0": -10.7173,
 "rxn01106_c0": -7.8425, 
 "rxn05467_c0": -4,4164,
 "rxn05938_c0": -4.2591,
 "rxn07191_c0": -4.0797,
 "rxn00251_c0": -1.1556,
 "rxn00777_c0": -0.8172,
 "rxn10126_c0": 0,
 "rxn00288_c0": 0,
 "rxn08527_c0": 0.55555,
 "rxn09272_c0": 1.07203, 
 "rxn05313_c0": 3.57259, 
 "rxn00558_c0": 5.14800,
 "rxn00459_c0": 7.84256,
 "rxn05468_c0": 9.83170,
 "rxn10122_c0": 18.5913,
 "rxn08173_c0": 30.3765
}
