{
"rxn00251": -1.155615111,
"rxn00288": 0,
"rxn00459": 7.84256,
"rxn00558": 5.148009289,
"rxn00777": -0.817272778,
"rxn01106": -7.84256,
"rxn05209": -10.71777333,
"rxn05313": 3.572591778,
"rxn05319": -19.21375444,
"rxn05467": -4.416427667,
"rxn05468": 9.831703333,
"rxn05938": -4.259116667,
"rxn07191": -4.079731222,
"rxn08173":30.37652667,
"rxn08527":0.555555556,
"rxn09272":1.072038889,
"rxn10122":18.59135444,
"rxn10126":0
}




