{
"rxn00225": -3.495443882,
"rxn00256": -4.091354271,
"rxn00288": 0,
"rxn00548": 3.449833353,
"rxn00558": 27.22472153,
"rxn00604": 3.507989882,
"rxn00781": 64.93026765,
"rxn00973": 4.091354271,
"rxn01100": -64.93026765,
"rxn01476": 3.507989882,
"rxn05209": -47.95638918,
"rxn05226": 31.51008294,
"rxn05313": 15.98546341,
"rxn05319": -85.61917882,
"rxn05467": -15.55533682,
"rxn05468": 41.71267153,
"rxn05488": -3.495443882,
"rxn05938": -18.30357271,
"rxn07191": -18.30357271,
"rxn08173": 130.8689024,
"rxn08527": 0,
"rxn09272": 0.219171176,
"rxn10122": 83.20616647,
"rxn10126": 0
}




