{"rxn05319": -103.8218533,
 "rxn05209": -22.367754,
 "rxn00102": -9.522433333,
 "rxn05467": -9.053900733,
 "rxn00459": -7.001833,
 "rxn01100": -6.922879333,
 "rxn00777": -2.136516233,
 "rxn05488": -2.0549167,
 "rxn01116": -1.5505137,
 "rxn01200": -1.1973127,
 "rxn00558": -0.703873257,
 "rxn10126": 0,
 "rxn09272": 0.011516467,
 "rxn00288": 0.496670533,
 "rxn08527": 1.058179267,
 "rxn01333": 1.1973127,
 "rxn00173": 2.655743767,
 "rxn00785": 2.747824233,
 "rxn01106": 7.001833,
 "rxn00251": 11.38750327,
 "rxn05468": 22.41015149
}
