{
"rxn00288": 0.087647741,
"rxn00558": 6.194814489,
"rxn05209": -14.54577906,
"rxn05319": -38.07235141,
"rxn05467": -5.157987859,
"rxn05468": 13.04052797,
"rxn08527": 0.228118918,
"rxn09272": 0.058787318,
"rxn10126": 0
}




