{
"rxn00251": 0.630360778,
"rxn00288": 0.044722,
"rxn00459": 0.045145556,
"rxn00558": 0.2193627,
"rxn00777": -0.347061889,
"rxn01106": -0.045145556,
"rxn05209": -3.548373333,
"rxn05313": 1.182790778,
"rxn05319": -26.33331667,
"rxn05467": -1.147794,
"rxn05468": 3.15712,
"rxn07191": -1.262247778,
"rxn08527": 0.644999556,
"rxn09272": 1.110427111,
"rxn10126": 0
}




