{
"rxn00199":19.03217,
"rxn00225":-34.3898,
"rxn00248":194.82335,
"rxn00251":128.66485,
"rxn00256":-19.03217,
"rxn00288":0,
"rxn00545":9.69427,
"rxn00548":25.112805,
"rxn00558":45.33475,
"rxn00604":6.55867,
"rxn00747":-9.69427,
"rxn00777":-6.55867,
"rxn00781":111.53475,
"rxn00786":9.69427,
"rxn00799":-194.82335,
"rxn00973":19.03217,
"rxn01100":-111.53475,
"rxn01115":6.55867,
"rxn01187":9.27707,
"rxn01200":9.27707,
"rxn01333":-9.27707,
"rxn01387":19.03217,
"rxn01476":6.55867,
"rxn05209":-223.0833,
"rxn05226":55.50975,
"rxn05313":74.3611,
"rxn05319":-196.4852,
"rxn05467":-255.0085,
"rxn05468":184.4642,
"rxn05488":-34.3898,
"rxn05561":194.82335,
"rxn05938":-85.14445,
"rxn07191":-85.14445,
"rxn08173":621.946,
"rxn08527":0,
"rxn09272":0,
"rxn10122":368.9285,
"rxn10126":0
}




