{
"rxn00102": 16.6618,
"rxn00251": 2.85796,
"rxn00288": 0,
"rxn00459": 6.55319,
"rxn00558":4.32797,
"rxn00777":-0.363031,
"rxn01106": 2.50602,
"rxn05209": -5.11414,
"rxn05313": 2.85796,
"rxn05319": 18.0277,
"rxn05467": 7.93271,
"rxn05468": 6.53282,
"rxn08527": 0.436308,
"rxn09272": 0,
"rxn10126": 0

}




