{
"rxn00102": -0.460094,
"rxn00225": -0.53397,
"rxn00250": 0.460094,
"rxn00251": -1.24442, 
"rxn00256": -0.641752,
"rxn00288": 0, 
"rxn00459": 6.55319,
"rxn00505": 0.641752,
"rxn00545": 3.75183,
"rxn00548": 0.53397,
"rxn00558": 4.32797,
"rxn00604": 0.55009,
"rxn00747": -3.75183,
"rxn00777": -0.53397,
"rxn00781": 10.3141,
"rxn00786": 3.75183,
"rxn00973": 0.641752,
"rxn01100": -10.3141,
"rxn01106": -6.55319,
"rxn01115": 0.53397,
"rxn01476": 0.55009,
"rxn01477": 0.0161196,
"rxn03884": 0.0161196,
"rxn05209": -7.52222,
"rxn05226": 5,
"rxn05313": 2.50741,
"rxn05319": -13.5075,
"rxn05467": -2.34222,
"rxn05468": 6.53282,
"rxn05488": -0.53397,
"rxn05938": -2.87102,
"rxn07191": -2.87102,
"rxn08173": 20.5023,
"rxn08527": 0,
"rxn09272": 0,
"rxn10122": 13.0656,
"rxn10126": 0
}




