{
"rxn00256":-4.702019949,
"rxn00459": 43.53587344,
"rxn00548":3.281721465,
"rxn00558":29.46584172,
"rxn00781":71.66499554,
"rxn00973":4.702019949,
"rxn01100":-71.66499554,
"rxn01106":-43.53587344,
"rxn05209":-55.11424344,
"rxn05313":18.37141408,
"rxn05319":-99.44909236,
"rxn05467":-18.11748548,
"rxn05468":48.58410459,
"rxn05488":-4.098964777,
"rxn05938":-21.80033643,
"rxn07191":-21.60925363,
"rxn08173":152.4987025,
"rxn09272":0.474638217,
"rxn10122":96.69355796,
"rxn10126":0
}




