{
"rxn00102":-0.52457,
"rxn00225":-8.79637,
"rxn00248":-101.3490045,
"rxn00251":-5.5509195,
"rxn00288":9.36591855,
"rxn00459":8.83860092,
"rxn00543":-3.471042,
"rxn00558":0.7248809,
"rxn00777":1.402398,
"rxn01100":7.23771824,
"rxn01106":-4.1916173,
"rxn01116":-5.2775615,
"rxn01200":4.1916173,
"rxn01333":1.6269456,
"rxn05209":2.89575485,
"rxn05319":1.40026305,
"rxn05467":-2.612807,
"rxn05468":-1.402398,
"rxn05488":15.552231,
"rxn05553":0,
"rxn08527":0.98247185,
"rxn08971": 0,
"rxn09272":1.0940827,
"rxn10126":-1.0940827
}




